alphaPowerFP, alphaPowerP, betaByAlphaPlusThetaP, blinkFrequency, blinkDuration, freqFp_89_13_17, betaByAlpha, betaByTheta, betaByAlphaPlusThetaFP, smrPlusMidBetaByTheta, sampEn, betaPowerO, alphaThetaHarmonicLocking, alphaThetaPhaseSynchrony
18767.0, 28823.0, 0.0017, 0.0, 0.0, 0.0, 0.0247, 0.0019, 0.0018, 0.0455, 0.0086, 218.5413, 0.75, 0.6438
3.8208, 8.8385, 0.6389, 0.0, 0.0, 0.0, 2.2781, 1.329, 0.839, 1.4593, 0.5496, 8.6546, 2.875, 0.4074
4.6667, 10.7851, 0.4805, 1.0, 0.1758, 0.0, 1.886, 1.1448, 0.7088, 1.7496, 0.3326, 17.0315, 2.0, 0.3694
14.4488, 12.3953, 0.4163, 1.0, 0.2344, 0.0, 1.0841, 0.6429, 0.4023, 1.2463, 0.5514, 10.1291, 2.25, 0.4594
