alphaPowerFP, alphaPowerP, betaByAlphaPlusThetaP, blinkFrequency, blinkDuration, freqFp_89_13_17, betaByAlpha, betaByTheta, betaByAlphaPlusThetaFP, smrPlusMidBetaByTheta, sampEn, betaPowerO, alphaThetaHarmonicLocking, alphaThetaPhaseSynchrony
5884.6, 1921.8, 0.0021, 1.0, 0.2148, 0.0, 0.0264, 0.002, 0.0019, 0.0456, 0.0271, 37.2658, 1.75, 0.5953
3.9618, 4.6958, 0.5533, 0.0, 0.0, 0.0, 1.3948, 1.1829, 0.6397, 1.2475, 0.6879, 6.2487, 1.875, 0.3797
7.1767, 5.9473, 0.8062, 0.0, 0.0, 0.0, 1.8308, 1.0115, 0.6512, 1.5106, 0.5245, 6.201, 3.125, 0.455
14.485, 3.4563, 1.0971, 3.0, 0.2409, 0.0, 0.9395, 0.561, 0.34, 0.6429, 0.4814, 10.7506, 2.625, 0.3735
