alphaPowerFP, alphaPowerP, betaByAlphaPlusThetaP, blinkFrequency, blinkDuration, freqFp_89_13_17, betaByAlpha, betaByTheta, betaByAlphaPlusThetaFP, smrPlusMidBetaByTheta, sampEn, betaPowerO, alphaThetaHarmonicLocking, alphaThetaPhaseSynchrony
6996.8, 3405.7, 0.0019, 0.0, 0.0, 0.0, 0.0258, 0.002, 0.0018, 0.0455, 0.0087, 99.5332, 4.375, 0.634
3.9823, 2.3986, 1.5836, 1.0, 0.332, 0.0, 2.2856, 4.012, 1.4533, 2.5345, 0.752, 9.622, 2.625, 0.466
3.6429, 3.0674, 0.8157, 0.0, 0.0, 0.0, 2.0013, 1.864, 0.9476, 1.0158, 0.7299, 8.2949, 2.5, 0.3848
5.56, 2.6837, 1.0029, 2.0, 0.2441, 0.0, 1.5051, 0.904, 0.5625, 0.9069, 0.6555, 9.9754, 4.125, 0.4526
